How do i remove glue,How to remove glue from surfaces,How do you remove dried glue?
How do i remove glue,How to remove glue from,Can you remove hardened glue?
How do i remove glue,How to remove glue from,Does WD 40 remove glue?
How do i remove glue,How to remove glue from,What chemical will dissolve glue?
How do i remove glue,How to remove glue from,What dissolves glue fast?
How do i remove glue,What softens nail glue,How do you make nail glue soft?
How do i remove glue,What softens nail glue,How do you soften strong glue?
How do i remove glue,What softens nail glue,How do you stop nail glue from hardening?
How do i remove glue,How to remove glue from hand skin,What dissolves glue on skin?
How do i remove glue,How to remove glue from hand skin,What naturally removes glue?
How do i remove glue,How to remove glue from hand skin,Does Vaseline dissolve glue?
How do i remove glue,How to remove glue from hand skin,How do I get Rubber Glue off my my hands?
How do i remove glue,How to remove glue from hand skin,How to get super glue off your fingers?
How do i remove glue,How to remove glue from hand skin,How do you remove Crazy Glue from your fingers?
How do i remove glue,How to remove glue from hand skin,How to get crazy glue off hand?
How do i remove glue,How do you get super glue off your finger,How do you get dry super glue off your fingers?
How do i remove glue,How do you get super glue off your finger,Does dried superglue come off?
How do i remove glue,How do you get super glue off your finger,How long does it take to get super glue off your fingers?
How do i remove glue,How do you get super glue off your finger,Can hydrogen peroxide get super glue off fingers?
How do i remove glue,How do you get super glue off your finger,Will alcohol get super glue off fingers?
How do i remove glue,How do you get super glue off your finger,How to remove super glue from fingers in 5 ways?
How do i remove glue,How do you get super glue off your finger,How do you remove super glue from your fingernails?
How do i remove glue,How do you get super glue off your finger,How to get crazy glue off your fingers?
How do i remove glue,How do you get super glue off your finger,How do you get hot glue off your fingers?
How do i remove glue,How to get super glue off your fingers,How do you get dried super glue off skin?
How do i remove glue,How to get super glue off your fingers,What removes super glue easily?
How do i remove glue,How to get super glue off your fingers,Does rubbing alcohol remove super glue from skin?
How get glue off hands,How to remove super glue from acrylic,Can you clean super glue off clear acrylic?
How get glue off hands,How to remove super glue from acrylic,Does acetone damage clear acrylic?
How get glue off hands,How to remove super glue from acrylic,Does Goo Gone damage acrylic?
How get glue off hands,How to remove super glue from acrylic,How do you remove dried super glue?
How get glue off hands,How to remove super glue from acrylic,Does Vaseline remove super glue?
How get glue off hands,How to remove super glue from acrylic,Can vinegar remove super glue?
How get glue off hands,How to remove super glue from acrylic,How to make clear glue?
How get glue off hands,How to remove super glue from acrylic,How to make clear slime with glue?
How get glue off hands,How to remove super glue from acrylic,How to remove glue on nails without acetone?
How get glue off hands,How to remove super glue from acrylic,How to safely remove acrylic?
How get glue off hands,How to get super glue off your nails,How to remove super glue from your fingernails?
How get glue off hands,How to get super glue off your nails,How to correctly use super glue?
How get glue off hands,How to get super glue off your nails,How do you remove super glued fake nails?
How get glue off hands,How to get super glue off your nails,How can you get super glue out of your hair?
How get glue off hands,How to get super glue off nails,What removes dried super glue?
How get glue off hands,How to get super glue off nails,What is the fastest way to get super glue off your fingers?
How get glue off hands,How to get super glue off nails,What happens if super glue gets on your nail?
How get glue off hands,How to get super glue off nails,Does nail polish dissolve super glue?
How get glue off hands,How to get super glue off nails,Does saliva dissolve super glue?
How get glue off hands,How to get super glue off nail,What is the easiest way to remove nail glue?
How get glue off hands,How to remove super glue from nails without acetone,How to remove fake glue on nails safely?
How get glue off hands,How to remove super glue from nails without acetone,How do you remove hard as nails glue?
How get glue off hands,How to remove super glue from nails without acetone,How to take off acrylic nails safely?